"Cluster","Count","AvgTimeSpent","VerifiedRate"
"1",2506,78.4990782122905,1
"2",2476,78.0136429725363,0
"3",2530,226.420324110672,0
"4",2488,224.83422829582,1
